{
  
  "name": "default",
  "globalData": {
    "ambientCoeff": 1,
    "diffuseCoeff": 1,
    "specularCoeff": 1,
    "transparentCoeff": 0
  },
  "cameraData": {
    "position": [
      8.9,
      11.3,
      8.6
    ],
    "up": [
      -0.23821954638089038,
      0.8127380071429343,
      0.5317032814149396
    ],
    "heightAngle": 45,
    "look": [
      -0.33230404080702697,
      -0.5826293261974819,
      0.7416987884026709
    ]
  },
  "groups": [
    {
      "name": "Lights",
      "lights": [
        {
          "type": "directional",
          "color": [
            1,
            1,
            1
          ],
          "direction": [
            0,
            1,
            0.56
          ],
          
          "penumbra": 0,
          "angle": 0,
          "attenuationCoeff": [
            0,
            0,
            0
          ]
        },
        {
          "type": "directional",
          "color": [
            1,
            1,
            1
          ],
          "direction": [
            1,
            0,
            1
          ],
          
          "penumbra": 0,
          "angle": 0,
          "attenuationCoeff": [
            0,
            0,
            0
          ]
        }
      ],
      "translate": [
        1.2,
        2.98,
        1.24
      ],
      
      "rotate": [
        0,
        13,
        8,
        56
      ]
    }
  ]
}